algorithm,n_nodes,n_edges,median_ms,peak_kb,SYNTHETIC
dijkstra_time,400,1420,0.158,4.0,True
astar_time,400,1420,0.127,2.7,True
dijkstra_uncertainty,400,1420,0.275,3.2,True
chance_constrained,400,1420,0.371,3.3,True
pareto,400,1420,1.217,16.7,True
dstar_lite_build,400,1420,1.44,45.9,True
full_recompute,400,1420,0.156,3.3,True
dijkstra_time,900,3274,0.172,6.3,True
astar_time,900,3274,0.151,3.0,True
dijkstra_uncertainty,900,3274,0.268,3.0,True
chance_constrained,900,3274,0.39,6.2,True
pareto,900,3274,1.304,12.5,True
dstar_lite_build,900,3274,4.681,90.8,True
full_recompute,900,3274,0.193,6.4,True
dijkstra_time,2025,7442,0.012,0.7,True
astar_time,2025,7442,0.018,0.8,True
dijkstra_uncertainty,2025,7442,0.007,0.7,True
chance_constrained,2025,7442,0.019,0.7,True
pareto,2025,7442,0.05,1.6,True
dstar_lite_build,2025,7442,1.508,180.8,True
full_recompute,2025,7442,0.028,1.1,True
