alpha,achieved_block_prob,time_s,feasible,mu,n_edges,SYNTHETIC,source,target
0.9,0.6186258543761223,555.1873647521262,True,0.0008119968697428703,17,True,355,6
0.7,0.6186258543761223,555.1873647521262,True,0.0008119968697428703,17,True,355,6
0.5,0.44033123750458314,555.1916098629746,True,0.011067550076404586,17,True,355,6
0.3,0.2958238200545915,595.1435971627011,True,407.15915774853784,17,True,355,6
0.2,0.1867723638956874,755.3587481491102,True,1112.740559165104,23,True,355,6
0.1,0.16559486999867745,822.0784060370667,False,100000.0,25,True,355,6
0.05,0.16559486999867745,822.0784060370667,False,100000.0,25,True,355,6
0.02,0.16559486999867745,822.0784060370667,False,100000.0,25,True,355,6
0.01,0.16559486999867745,822.0784060370667,False,100000.0,25,True,355,6
