SYNTHETIC,scenario,method,n_seeds,pct_reached_mean,pct_reached_ci_lo,pct_reached_ci_hi,pct_blocked_mid_mean,pct_blocked_mid_ci_lo,pct_blocked_mid_ci_hi,pct_failed_mean,pct_failed_ci_lo,pct_failed_ci_hi,mean_evac_mean,mean_evac_ci_lo,mean_evac_ci_hi,median_evac_mean,median_evac_ci_lo,median_evac_ci_hi,p95_evac_mean,p95_evac_ci_lo,p95_evac_ci_hi,reroutes_mean,reroutes_ci_lo,reroutes_ci_hi,overload_mean,overload_ci_lo,overload_ci_hi,pct_blocked_mid_wilcoxon_p,pct_blocked_mid_cliffs_delta,pct_blocked_mid_effect,p95_evac_wilcoxon_p,p95_evac_cliffs_delta,p95_evac_effect
True,mild,shortest_distance,33,100.0,100.0,100.0,1.495,0.743,2.247,0.0,0.0,0.0,1161.374,1132.556,1190.191,683.157,671.563,694.751,4562.022,4446.275,4677.769,4.909,2.344,7.474,0.0,0.0,0.0,,,,,,
True,mild,static_risk,33,100.0,100.0,100.0,0.222,-0.005,0.449,0.0,0.0,0.0,1147.492,1118.653,1176.331,673.563,661.536,685.59,4506.72,4392.961,4620.478,0.667,-0.014,1.347,0.0,0.0,0.0,0.00357,-0.357,medium,0.00011,-0.071,negligible
True,mild,uncertainty,33,100.0,100.0,100.0,0.222,-0.005,0.449,0.0,0.0,0.0,1147.492,1118.653,1176.331,673.563,661.536,685.59,4506.72,4392.961,4620.478,0.667,-0.014,1.347,0.0,0.0,0.0,0.00357,-0.357,medium,0.00011,-0.071,negligible
True,mild,uncertainty_ucb,33,100.0,100.0,100.0,0.222,-0.005,0.449,0.0,0.0,0.0,1147.492,1118.653,1176.331,673.563,661.536,685.59,4506.72,4392.961,4620.478,0.667,-0.014,1.347,0.0,0.0,0.0,0.00357,-0.357,medium,0.00011,-0.071,negligible
True,moderate,shortest_distance,33,98.162,97.238,99.085,12.556,11.145,13.967,1.838,0.915,2.762,1155.464,1128.065,1182.864,678.546,664.999,692.093,4531.999,4405.986,4658.013,90.606,76.265,104.947,0.0,0.0,0.0,,,,,,
True,moderate,static_risk,33,99.414,99.131,99.697,2.727,1.784,3.67,0.586,0.303,0.869,1149.159,1121.477,1176.841,675.485,662.655,688.314,4532.022,4417.404,4646.64,10.455,7.204,13.705,0.0,0.0,0.0,0.0,-0.955,large,0.11587,0.006,negligible
True,moderate,uncertainty,33,99.414,99.131,99.697,2.798,1.872,3.724,0.586,0.303,0.869,1149.875,1122.202,1177.549,675.485,662.655,688.314,4532.022,4417.404,4646.64,10.667,7.465,13.868,0.0,0.0,0.0,0.0,-0.955,large,0.11587,0.006,negligible
True,moderate,uncertainty_ucb,33,99.414,99.131,99.697,2.798,1.872,3.724,0.586,0.303,0.869,1149.875,1122.202,1177.549,675.485,662.655,688.314,4532.022,4417.404,4646.64,10.667,7.465,13.868,0.0,0.0,0.0,0.0,-0.955,large,0.11587,0.006,negligible
True,extreme,shortest_distance,33,83.657,81.089,86.224,57.02,54.026,60.014,16.343,13.776,18.911,1189.235,1145.518,1232.952,677.257,656.773,697.741,4773.095,4552.198,4993.991,643.576,577.254,709.897,0.0,0.0,0.0,,,,,,
True,extreme,static_risk,33,89.97,88.875,91.064,45.091,40.559,49.623,10.03,8.936,11.125,1220.888,1182.813,1258.962,704.768,684.3,725.237,4936.652,4737.448,5135.857,289.273,253.933,324.613,0.0,0.0,0.0,6e-05,-0.551,large,0.06838,0.163,small
True,extreme,uncertainty,33,89.919,88.839,90.999,44.051,39.335,48.766,10.081,9.001,11.161,1226.732,1190.05,1263.413,707.085,685.442,728.729,4985.497,4793.042,5177.951,268.515,235.534,301.496,0.0,0.0,0.0,4e-05,-0.556,large,0.01176,0.225,small
True,extreme,uncertainty_ucb,33,89.919,88.839,90.999,44.051,39.335,48.766,10.081,9.001,11.161,1226.732,1190.05,1263.413,707.085,685.442,728.729,4985.497,4793.042,5177.951,268.515,235.534,301.496,0.0,0.0,0.0,4e-05,-0.556,large,0.01176,0.225,small
